id,name,height,weight,color,shape,is baby,type 1,type 2,hp,attack,defense,speed
1,bulbasaur,0.7,6.9,green,quadruped,False,Grass,Poison,45,49,49,45
2,ivysaur,1.0,13.0,green,quadruped,False,Grass,Poison,60,62,63,60
3,venusaur,2.0,100.0,green,quadruped,False,Grass,Poison,80,82,83,80
4,charmander,0.6,8.5,red,upright,False,Fire,,39,52,43,65
5,charmeleon,1.1,19.0,red,upright,False,Fire,,58,64,58,80
6,charizard,1.7,90.5,red,upright,False,Fire,Flying,78,84,78,100
7,squirtle,0.5,9.0,blue,upright,False,Water,,44,48,65,43
8,wartortle,1.0,22.5,blue,upright,False,Water,,59,63,80,58
9,blastoise,1.6,85.5,blue,upright,False,Water,,79,83,100,78
10,caterpie,0.3,2.9,green,armor,False,Bug,,45,30,35,45
11,metapod,0.7,9.9,green,squiggle,False,Bug,,50,20,55,30
12,butterfree,1.1,32.0,white,bug-wings,False,Bug,Flying,60,45,50,70
13,weedle,0.3,3.2,brown,armor,False,Bug,Poison,40,35,30,50
14,kakuna,0.6,10.0,yellow,squiggle,False,Bug,Poison,45,25,50,35
15,beedrill,1.0,29.5,yellow,bug-wings,False,Bug,Poison,65,90,40,75
16,pidgey,0.3,1.8,brown,wings,False,Normal,Flying,40,45,40,56
17,pidgeotto,1.1,30.0,brown,wings,False,Normal,Flying,63,60,55,71
18,pidgeot,1.5,39.5,brown,wings,False,Normal,Flying,83,80,75,101
19,rattata,0.3,3.5,purple,quadruped,False,Normal,,30,56,35,72
20,raticate,0.7,18.5,brown,quadruped,False,Normal,,55,81,60,97
21,spearow,0.3,2.0,brown,wings,False,Normal,Flying,40,60,30,70
22,fearow,1.2,38.0,brown,wings,False,Normal,Flying,65,90,65,100
23,ekans,2.0,6.9,purple,squiggle,False,Poison,,35,60,44,55
24,arbok,3.5,65.0,purple,squiggle,False,Poison,,60,95,69,80
25,pikachu,0.4,6.0,yellow,quadruped,False,Electric,,35,55,40,90
26,raichu,0.8,30.0,yellow,upright,False,Electric,,60,90,55,110
27,sandshrew,0.6,12.0,yellow,upright,False,Ground,,50,75,85,40
28,sandslash,1.0,29.5,yellow,upright,False,Ground,,75,100,110,65
29,nidoran-f,0.4,7.0,blue,quadruped,False,Poison,,55,47,52,41
30,nidorina,0.8,20.0,blue,quadruped,False,Poison,,70,62,67,56
31,nidoqueen,1.3,60.0,blue,upright,False,Poison,Ground,90,92,87,76
32,nidoran-m,0.5,9.0,purple,quadruped,False,Poison,,46,57,40,50
33,nidorino,0.9,19.5,purple,quadruped,False,Poison,,61,72,57,65
34,nidoking,1.4,62.0,purple,upright,False,Poison,Ground,81,102,77,85
35,clefairy,0.6,7.5,pink,upright,False,Fairy,,70,45,48,35
36,clefable,1.3,40.0,pink,upright,False,Fairy,,95,70,73,60
37,vulpix,0.6,9.9,brown,quadruped,False,Fire,,38,41,40,65
38,ninetales,1.1,19.9,yellow,quadruped,False,Fire,,73,76,75,100
39,jigglypuff,0.5,5.5,pink,humanoid,False,Normal,Fairy,115,45,20,20
40,wigglytuff,1.0,12.0,pink,humanoid,False,Normal,Fairy,140,70,45,45
41,zubat,0.8,7.5,purple,wings,False,Poison,Flying,40,45,35,55
42,golbat,1.6,55.0,purple,wings,False,Poison,Flying,75,80,70,90
43,oddish,0.5,5.4,blue,legs,False,Grass,Poison,45,50,55,30
44,gloom,0.8,8.6,blue,humanoid,False,Grass,Poison,60,65,70,40
45,vileplume,1.2,18.6,red,humanoid,False,Grass,Poison,75,80,85,50
46,paras,0.3,5.4,red,armor,False,Bug,Grass,35,70,55,25
47,parasect,1.0,29.5,red,armor,False,Bug,Grass,60,95,80,30
48,venonat,1.0,30.0,purple,humanoid,False,Bug,Poison,60,55,50,45
49,venomoth,1.5,12.5,purple,bug-wings,False,Bug,Poison,70,65,60,90
50,diglett,0.2,0.8,brown,blob,False,Ground,,10,55,25,95
51,dugtrio,0.7,33.3,brown,heads,False,Ground,,35,100,50,120
52,meowth,0.4,4.2,yellow,quadruped,False,Normal,,40,45,35,90
53,persian,1.0,32.0,yellow,quadruped,False,Normal,,65,70,60,115
54,psyduck,0.8,19.6,yellow,upright,False,Water,,50,52,48,55
55,golduck,1.7,76.6,blue,upright,False,Water,,80,82,78,85
56,mankey,0.5,28.0,brown,upright,False,Fighting,,40,80,35,70
57,primeape,1.0,32.0,brown,upright,False,Fighting,,65,105,60,95
58,growlithe,0.7,19.0,brown,quadruped,False,Fire,,55,70,45,60
59,arcanine,1.9,155.0,brown,quadruped,False,Fire,,90,110,80,95
60,poliwag,0.6,12.4,blue,legs,False,Water,,40,50,40,90
61,poliwhirl,1.0,20.0,blue,humanoid,False,Water,,65,65,65,90
62,poliwrath,1.3,54.0,blue,humanoid,False,Water,Fighting,90,95,95,70
63,abra,0.9,19.5,brown,upright,False,Psychic,,25,20,15,90
64,kadabra,1.3,56.5,brown,upright,False,Psychic,,40,35,30,105
65,alakazam,1.5,48.0,brown,humanoid,False,Psychic,,55,50,45,120
66,machop,0.8,19.5,gray,upright,False,Fighting,,70,80,50,35
67,machoke,1.5,70.5,gray,humanoid,False,Fighting,,80,100,70,45
68,machamp,1.6,130.0,gray,humanoid,False,Fighting,,90,130,80,55
69,bellsprout,0.7,4.0,green,humanoid,False,Grass,Poison,50,75,35,40
70,weepinbell,1.0,6.4,green,blob,False,Grass,Poison,65,90,50,55
71,victreebel,1.7,15.5,green,blob,False,Grass,Poison,80,105,65,70
72,tentacool,0.9,45.5,blue,tentacles,False,Water,Poison,40,40,35,70
73,tentacruel,1.6,55.0,blue,tentacles,False,Water,Poison,80,70,65,100
74,geodude,0.4,20.0,brown,arms,False,Rock,Ground,40,80,100,20
75,graveler,1.0,105.0,brown,humanoid,False,Rock,Ground,55,95,115,35
76,golem,1.4,300.0,brown,humanoid,False,Rock,Ground,80,120,130,45
77,ponyta,1.0,30.0,yellow,quadruped,False,Fire,,50,85,55,90
78,rapidash,1.7,95.0,yellow,quadruped,False,Fire,,65,100,70,105
79,slowpoke,1.2,36.0,pink,quadruped,False,Water,Psychic,90,65,65,15
80,slowbro,1.6,78.5,pink,upright,False,Water,Psychic,95,75,110,30
81,magnemite,0.3,6.0,gray,arms,False,Electric,Steel,25,35,70,45
82,magneton,1.0,60.0,gray,heads,False,Electric,Steel,50,60,95,70
83,farfetchd,0.8,15.0,brown,wings,False,Normal,Flying,52,90,55,60
84,doduo,1.4,39.2,brown,legs,False,Normal,Flying,35,85,45,75
85,dodrio,1.8,85.2,brown,legs,False,Normal,Flying,60,110,70,110
86,seel,1.1,90.0,white,fish,False,Water,,65,45,55,45
87,dewgong,1.7,120.0,white,fish,False,Water,Ice,90,70,80,70
88,grimer,0.9,30.0,purple,arms,False,Poison,,80,80,50,25
89,muk,1.2,30.0,purple,arms,False,Poison,,105,105,75,50
90,shellder,0.3,4.0,purple,ball,False,Water,,30,65,100,40
91,cloyster,1.5,132.5,purple,ball,False,Water,Ice,50,95,180,70
92,gastly,1.3,0.1,purple,ball,False,Ghost,Poison,30,35,30,80
93,haunter,1.6,0.1,purple,arms,False,Ghost,Poison,45,50,45,95
94,gengar,1.5,40.5,purple,upright,False,Ghost,Poison,60,65,60,110
95,onix,8.8,210.0,gray,squiggle,False,Rock,Ground,35,45,160,70
96,drowzee,1.0,32.4,yellow,humanoid,False,Psychic,,60,48,45,42
97,hypno,1.6,75.6,yellow,humanoid,False,Psychic,,85,73,70,67
98,krabby,0.4,6.5,red,armor,False,Water,,30,105,90,50
99,kingler,1.3,60.0,red,armor,False,Water,,55,130,115,75
100,voltorb,0.5,10.4,red,ball,False,Electric,,40,30,50,100
101,electrode,1.2,66.6,red,ball,False,Electric,,60,50,70,150
102,exeggcute,0.4,2.5,pink,heads,False,Grass,Psychic,60,40,80,40
103,exeggutor,2.0,120.0,yellow,legs,False,Grass,Psychic,95,95,85,55
104,cubone,0.4,6.5,brown,upright,False,Ground,,50,50,95,35
105,marowak,1.0,45.0,brown,upright,False,Ground,,60,80,110,45
106,hitmonlee,1.5,49.8,brown,humanoid,False,Fighting,,50,120,53,87
107,hitmonchan,1.4,50.2,brown,humanoid,False,Fighting,,50,105,79,76
108,lickitung,1.2,65.5,pink,upright,False,Normal,,90,55,75,30
109,koffing,0.6,1.0,purple,ball,False,Poison,,40,65,95,35
110,weezing,1.2,9.5,purple,heads,False,Poison,,65,90,120,60
111,rhyhorn,1.0,115.0,gray,quadruped,False,Ground,Rock,80,85,95,25
112,rhydon,1.9,120.0,gray,upright,False,Ground,Rock,105,130,120,40
113,chansey,1.1,34.6,pink,upright,False,Normal,,250,5,5,50
114,tangela,1.0,35.0,blue,legs,False,Grass,,65,55,115,60
115,kangaskhan,2.2,80.0,brown,upright,False,Normal,,105,95,80,90
116,horsea,0.4,8.0,blue,blob,False,Water,,30,40,70,60
117,seadra,1.2,25.0,blue,blob,False,Water,,55,65,95,85
118,goldeen,0.6,15.0,red,fish,False,Water,,45,67,60,63
119,seaking,1.3,39.0,red,fish,False,Water,,80,92,65,68
120,staryu,0.8,34.5,brown,blob,False,Water,,30,45,55,85
121,starmie,1.1,80.0,purple,blob,False,Water,Psychic,60,75,85,115
122,mr-mime,1.3,54.5,pink,humanoid,False,Psychic,Fairy,40,45,65,90
123,scyther,1.5,56.0,green,bug-wings,False,Bug,Flying,70,110,80,105
124,jynx,1.4,40.6,red,humanoid,False,Ice,Psychic,65,50,35,95
125,electabuzz,1.1,30.0,yellow,upright,False,Electric,,65,83,57,105
126,magmar,1.3,44.5,red,upright,False,Fire,,65,95,57,93
127,pinsir,1.5,55.0,brown,humanoid,False,Bug,,65,125,100,85
128,tauros,1.4,88.4,brown,quadruped,False,Normal,,75,100,95,110
129,magikarp,0.9,10.0,red,fish,False,Water,,20,10,55,80
130,gyarados,6.5,235.0,blue,squiggle,False,Water,Flying,95,125,79,81
131,lapras,2.5,220.0,blue,fish,False,Water,Ice,130,85,80,60
132,ditto,0.3,4.0,purple,ball,False,Normal,,48,48,48,48
133,eevee,0.3,6.5,brown,quadruped,False,Normal,,55,55,50,55
134,vaporeon,1.0,29.0,blue,quadruped,False,Water,,130,65,60,65
135,jolteon,0.8,24.5,yellow,quadruped,False,Electric,,65,65,60,130
136,flareon,0.9,25.0,red,quadruped,False,Fire,,65,130,60,65
137,porygon,0.8,36.5,pink,legs,False,Normal,,65,60,70,40
138,omanyte,0.4,7.5,blue,tentacles,False,Rock,Water,35,40,100,35
139,omastar,1.0,35.0,blue,tentacles,False,Rock,Water,70,60,125,55
140,kabuto,0.5,11.5,brown,armor,False,Rock,Water,30,80,90,55
141,kabutops,1.3,40.5,brown,upright,False,Rock,Water,60,115,105,80
142,aerodactyl,1.8,59.0,purple,wings,False,Rock,Flying,80,105,65,130
143,snorlax,2.1,460.0,black,humanoid,False,Normal,,160,110,65,30
144,articuno,1.7,55.4,blue,wings,False,Ice,Flying,90,85,100,85
145,zapdos,1.6,52.6,yellow,wings,False,Electric,Flying,90,90,85,100
146,moltres,2.0,60.0,yellow,wings,False,Fire,Flying,90,100,90,90
147,dratini,1.8,3.3,blue,squiggle,False,Dragon,,41,64,45,50
148,dragonair,4.0,16.5,blue,squiggle,False,Dragon,,61,84,65,70
149,dragonite,2.2,210.0,brown,upright,False,Dragon,Flying,91,134,95,80
150,mewtwo,2.0,122.0,purple,upright,False,Psychic,,106,110,90,130
151,mew,0.4,4.0,pink,upright,False,Psychic,,100,100,100,100
152,chikorita,0.9,6.4,green,quadruped,False,Grass,,45,49,65,45
153,bayleef,1.2,15.8,green,quadruped,False,Grass,,60,62,80,60
154,meganium,1.8,100.5,green,quadruped,False,Grass,,80,82,100,80
155,cyndaquil,0.5,7.9,yellow,humanoid,False,Fire,,39,52,43,65
156,quilava,0.9,19.0,yellow,quadruped,False,Fire,,58,64,58,80
157,typhlosion,1.7,79.5,yellow,quadruped,False,Fire,,78,84,78,100
158,totodile,0.6,9.5,blue,upright,False,Water,,50,65,64,43
159,croconaw,1.1,25.0,blue,upright,False,Water,,65,80,80,58
160,feraligatr,2.3,88.8,blue,upright,False,Water,,85,105,100,78
161,sentret,0.8,6.0,brown,quadruped,False,Normal,,35,46,34,20
162,furret,1.8,32.5,brown,quadruped,False,Normal,,85,76,64,90
163,hoothoot,0.7,21.2,brown,wings,False,Normal,Flying,60,30,30,50
164,noctowl,1.6,40.8,brown,wings,False,Normal,Flying,100,50,50,70
165,ledyba,1.0,10.8,red,wings,False,Bug,Flying,40,20,30,55
166,ledian,1.4,35.6,red,wings,False,Bug,Flying,55,35,50,85
167,spinarak,0.5,8.5,green,armor,False,Bug,Poison,40,60,40,30
168,ariados,1.1,33.5,red,armor,False,Bug,Poison,70,90,70,40
169,crobat,1.8,75.0,purple,bug-wings,False,Poison,Flying,85,90,80,130
170,chinchou,0.5,12.0,blue,fish,False,Water,Electric,75,38,38,67
171,lanturn,1.2,22.5,blue,fish,False,Water,Electric,125,58,58,67
172,pichu,0.3,2.0,yellow,quadruped,True,Electric,,20,40,15,60
173,cleffa,0.3,3.0,pink,upright,True,Fairy,,50,25,28,15
174,igglybuff,0.3,1.0,pink,humanoid,True,Normal,Fairy,90,30,15,15
175,togepi,0.3,1.5,white,humanoid,True,Fairy,,35,20,65,20
176,togetic,0.6,3.2,white,humanoid,False,Fairy,Flying,55,40,85,40
177,natu,0.2,2.0,green,wings,False,Psychic,Flying,40,50,45,70
178,xatu,1.5,15.0,green,wings,False,Psychic,Flying,65,75,70,95
179,mareep,0.6,7.8,white,quadruped,False,Electric,,55,40,40,35
180,flaaffy,0.8,13.3,pink,upright,False,Electric,,70,55,55,45
181,ampharos,1.4,61.5,yellow,upright,False,Electric,,90,75,85,55
182,bellossom,0.4,5.8,green,humanoid,False,Grass,,75,80,95,50
183,marill,0.4,8.5,blue,upright,False,Water,Fairy,70,20,50,40
184,azumarill,0.8,28.5,blue,upright,False,Water,Fairy,100,50,80,50
185,sudowoodo,1.2,38.0,brown,humanoid,False,Rock,,70,100,115,30
186,politoed,1.1,33.9,green,humanoid,False,Water,,90,75,75,70
187,hoppip,0.4,0.5,pink,upright,False,Grass,Flying,35,35,40,50
188,skiploom,0.6,1.0,green,upright,False,Grass,Flying,55,45,50,80
189,jumpluff,0.8,3.0,blue,upright,False,Grass,Flying,75,55,70,110
190,aipom,0.8,11.5,purple,upright,False,Normal,,55,70,55,85
191,sunkern,0.3,1.8,yellow,ball,False,Grass,,30,30,30,30
192,sunflora,0.8,8.5,yellow,humanoid,False,Grass,,75,75,55,30
193,yanma,1.2,38.0,red,bug-wings,False,Bug,Flying,65,65,45,95
194,wooper,0.4,8.5,blue,legs,False,Water,Ground,55,45,45,15
195,quagsire,1.4,75.0,blue,upright,False,Water,Ground,95,85,85,35
196,espeon,0.9,26.5,purple,quadruped,False,Psychic,,65,65,60,110
197,umbreon,1.0,27.0,black,quadruped,False,Dark,,95,65,110,65
198,murkrow,0.5,2.1,black,wings,False,Dark,Flying,60,85,42,91
199,slowking,2.0,79.5,pink,upright,False,Water,Psychic,95,75,80,30
200,misdreavus,0.7,1.0,gray,ball,False,Ghost,,60,60,60,85
201,unown,0.5,5.0,black,ball,False,Psychic,,48,72,48,48
202,wobbuffet,1.3,28.5,blue,blob,False,Psychic,,190,33,58,33
203,girafarig,1.5,41.5,yellow,quadruped,False,Normal,Psychic,70,80,65,85
204,pineco,0.6,7.2,gray,ball,False,Bug,,50,65,90,15
205,forretress,1.2,125.8,purple,ball,False,Bug,Steel,75,90,140,40
206,dunsparce,1.5,14.0,yellow,squiggle,False,Normal,,100,70,70,45
207,gligar,1.1,64.8,purple,wings,False,Ground,Flying,65,75,105,85
208,steelix,9.2,400.0,gray,squiggle,False,Steel,Ground,75,85,200,30
209,snubbull,0.6,7.8,pink,humanoid,False,Fairy,,60,80,50,30
210,granbull,1.4,48.7,purple,upright,False,Fairy,,90,120,75,45
211,qwilfish,0.5,3.9,gray,fish,False,Water,Poison,65,95,85,85
212,scizor,1.8,118.0,red,bug-wings,False,Bug,Steel,70,130,100,65
213,shuckle,0.6,20.5,yellow,armor,False,Bug,Rock,20,10,230,5
214,heracross,1.5,54.0,blue,humanoid,False,Bug,Fighting,80,125,75,85
215,sneasel,0.9,28.0,black,upright,False,Dark,Ice,55,95,55,115
216,teddiursa,0.6,8.8,brown,upright,False,Normal,,60,80,50,40
217,ursaring,1.8,125.8,brown,upright,False,Normal,,90,130,75,55
218,slugma,0.7,35.0,red,squiggle,False,Fire,,40,40,40,20
219,magcargo,0.8,55.0,red,squiggle,False,Fire,Rock,60,50,120,30
220,swinub,0.4,6.5,brown,quadruped,False,Ice,Ground,50,50,40,50
221,piloswine,1.1,55.8,brown,quadruped,False,Ice,Ground,100,100,80,50
222,corsola,0.6,5.0,pink,armor,False,Water,Rock,65,55,95,35
223,remoraid,0.6,12.0,gray,fish,False,Water,,35,65,35,65
224,octillery,0.9,28.5,red,tentacles,False,Water,,75,105,75,45
225,delibird,0.9,16.0,red,wings,False,Ice,Flying,45,55,45,75
226,mantine,2.1,220.0,purple,wings,False,Water,Flying,85,40,70,70
227,skarmory,1.7,50.5,gray,wings,False,Steel,Flying,65,80,140,70
228,houndour,0.6,10.8,black,quadruped,False,Dark,Fire,45,60,30,65
229,houndoom,1.4,35.0,black,quadruped,False,Dark,Fire,75,90,50,95
230,kingdra,1.8,152.0,blue,blob,False,Water,Dragon,75,95,95,85
231,phanpy,0.5,33.5,blue,quadruped,False,Ground,,90,60,60,40
232,donphan,1.1,120.0,gray,quadruped,False,Ground,,90,120,120,50
233,porygon2,0.6,32.5,red,legs,False,Normal,,85,80,90,60
234,stantler,1.4,71.2,brown,quadruped,False,Normal,,73,95,62,85
235,smeargle,1.2,58.0,white,upright,False,Normal,,55,20,35,75
236,tyrogue,0.7,21.0,purple,humanoid,True,Fighting,,35,35,35,35
237,hitmontop,1.4,48.0,brown,upright,False,Fighting,,50,95,95,70
238,smoochum,0.4,6.0,pink,humanoid,True,Ice,Psychic,45,30,15,65
239,elekid,0.6,23.5,yellow,humanoid,True,Electric,,45,63,37,95
240,magby,0.7,21.4,red,upright,True,Fire,,45,75,37,83
241,miltank,1.2,75.5,pink,upright,False,Normal,,95,80,105,100
242,blissey,1.5,46.8,pink,humanoid,False,Normal,,255,10,10,55
243,raikou,1.9,178.0,yellow,quadruped,False,Electric,,90,85,75,115
244,entei,2.1,198.0,brown,quadruped,False,Fire,,115,115,85,100
245,suicune,2.0,187.0,blue,quadruped,False,Water,,100,75,115,85
246,larvitar,0.6,72.0,green,upright,False,Rock,Ground,50,64,50,41
247,pupitar,1.2,152.0,gray,squiggle,False,Rock,Ground,70,84,70,51
248,tyranitar,2.0,202.0,green,upright,False,Rock,Dark,100,134,110,61
249,lugia,5.2,216.0,white,wings,False,Psychic,Flying,106,90,130,110
250,ho-oh,3.8,199.0,red,wings,False,Fire,Flying,106,130,90,90
251,celebi,0.6,5.0,green,humanoid,False,Psychic,Grass,100,100,100,100
252,treecko,0.5,5.0,green,upright,False,Grass,,40,45,35,70
253,grovyle,0.9,21.6,green,upright,False,Grass,,50,65,45,95
254,sceptile,1.7,52.2,green,upright,False,Grass,,70,85,65,120
255,torchic,0.4,2.5,red,legs,False,Fire,,45,60,40,45
256,combusken,0.9,19.5,red,upright,False,Fire,Fighting,60,85,60,55
257,blaziken,1.9,52.0,red,upright,False,Fire,Fighting,80,120,70,80
258,mudkip,0.4,7.6,blue,quadruped,False,Water,,50,70,50,40
259,marshtomp,0.7,28.0,blue,upright,False,Water,Ground,70,85,70,50
260,swampert,1.5,81.9,blue,upright,False,Water,Ground,100,110,90,60
261,poochyena,0.5,13.6,gray,quadruped,False,Dark,,35,55,35,35
262,mightyena,1.0,37.0,gray,quadruped,False,Dark,,70,90,70,70
263,zigzagoon,0.4,17.5,brown,quadruped,False,Normal,,38,30,41,60
264,linoone,0.5,32.5,white,quadruped,False,Normal,,78,70,61,100
265,wurmple,0.3,3.6,red,armor,False,Bug,,45,45,35,20
266,silcoon,0.6,10.0,white,ball,False,Bug,,50,35,55,15
267,beautifly,1.0,28.4,yellow,bug-wings,False,Bug,Flying,60,70,50,65
268,cascoon,0.7,11.5,purple,ball,False,Bug,,50,35,55,15
269,dustox,1.2,31.6,green,bug-wings,False,Bug,Poison,60,50,70,65
270,lotad,0.5,2.6,green,armor,False,Water,Grass,40,30,30,30
271,lombre,1.2,32.5,green,humanoid,False,Water,Grass,60,50,50,50
272,ludicolo,1.5,55.0,green,humanoid,False,Water,Grass,80,70,70,70
273,seedot,0.5,4.0,brown,legs,False,Grass,,40,40,50,30
274,nuzleaf,1.0,28.0,brown,humanoid,False,Grass,Dark,70,70,40,60
275,shiftry,1.3,59.6,brown,humanoid,False,Grass,Dark,90,100,60,80
276,taillow,0.3,2.3,blue,wings,False,Normal,Flying,40,55,30,85
277,swellow,0.7,19.8,blue,wings,False,Normal,Flying,60,85,60,125
278,wingull,0.6,9.5,white,wings,False,Water,Flying,40,30,30,85
279,pelipper,1.2,28.0,yellow,wings,False,Water,Flying,60,50,100,65
280,ralts,0.4,6.6,white,humanoid,False,Psychic,Fairy,28,25,25,40
281,kirlia,0.8,20.2,white,humanoid,False,Psychic,Fairy,38,35,35,50
282,gardevoir,1.6,48.4,white,humanoid,False,Psychic,Fairy,68,65,65,80
283,surskit,0.5,1.7,blue,armor,False,Bug,Water,40,30,32,65
284,masquerain,0.8,3.6,blue,bug-wings,False,Bug,Flying,70,60,62,80
285,shroomish,0.4,4.5,brown,legs,False,Grass,,60,40,60,35
286,breloom,1.2,39.2,green,upright,False,Grass,Fighting,60,130,80,70
287,slakoth,0.8,24.0,brown,quadruped,False,Normal,,60,60,60,30
288,vigoroth,1.4,46.5,white,upright,False,Normal,,80,80,80,90
289,slaking,2.0,130.5,brown,humanoid,False,Normal,,150,160,100,100
290,nincada,0.5,5.5,gray,armor,False,Bug,Ground,31,45,90,40
291,ninjask,0.8,12.0,yellow,bug-wings,False,Bug,Flying,61,90,45,160
292,shedinja,0.8,1.2,brown,blob,False,Bug,Ghost,1,90,45,40
293,whismur,0.6,16.3,pink,upright,False,Normal,,64,51,23,28
294,loudred,1.0,40.5,blue,upright,False,Normal,,84,71,43,48
295,exploud,1.5,84.0,blue,upright,False,Normal,,104,91,63,68
296,makuhita,1.0,86.4,yellow,humanoid,False,Fighting,,72,60,30,25
297,hariyama,2.3,253.8,brown,humanoid,False,Fighting,,144,120,60,50
298,azurill,0.2,2.0,blue,legs,True,Normal,Fairy,50,20,40,20
299,nosepass,1.0,97.0,gray,humanoid,False,Rock,,30,45,135,30
300,skitty,0.6,11.0,pink,quadruped,False,Normal,,50,45,45,50
301,delcatty,1.1,32.6,purple,quadruped,False,Normal,,70,65,65,90
302,sableye,0.5,11.0,purple,humanoid,False,Dark,Ghost,50,75,75,50
303,mawile,0.6,11.5,black,humanoid,False,Steel,Fairy,50,85,85,50
304,aron,0.4,60.0,gray,quadruped,False,Steel,Rock,50,70,100,30
305,lairon,0.9,120.0,gray,quadruped,False,Steel,Rock,60,90,140,40
306,aggron,2.1,360.0,gray,upright,False,Steel,Rock,70,110,180,50
307,meditite,0.6,11.2,blue,humanoid,False,Fighting,Psychic,30,40,55,60
308,medicham,1.3,31.5,red,humanoid,False,Fighting,Psychic,60,60,75,80
309,electrike,0.6,15.2,green,quadruped,False,Electric,,40,45,40,65
310,manectric,1.5,40.2,yellow,quadruped,False,Electric,,70,75,60,105
311,plusle,0.4,4.2,yellow,upright,False,Electric,,60,50,40,95
312,minun,0.4,4.2,yellow,upright,False,Electric,,60,40,50,95
313,volbeat,0.7,17.7,gray,upright,False,Bug,,65,73,75,85
314,illumise,0.6,17.7,purple,humanoid,False,Bug,,65,47,75,85
315,roselia,0.3,2.0,green,humanoid,False,Grass,Poison,50,60,45,65
316,gulpin,0.4,10.3,green,arms,False,Poison,,70,43,53,40
317,swalot,1.7,80.0,purple,arms,False,Poison,,100,73,83,55
318,carvanha,0.8,20.8,red,fish,False,Water,Dark,45,90,20,65
319,sharpedo,1.8,88.8,blue,fish,False,Water,Dark,70,120,40,95
320,wailmer,2.0,130.0,blue,fish,False,Water,,130,70,35,60
321,wailord,14.5,398.0,blue,fish,False,Water,,170,90,45,60
322,numel,0.7,24.0,yellow,quadruped,False,Fire,Ground,60,60,40,35
323,camerupt,1.9,220.0,red,quadruped,False,Fire,Ground,70,100,70,40
324,torkoal,0.5,80.4,brown,quadruped,False,Fire,,70,85,140,20
325,spoink,0.7,30.6,black,arms,False,Psychic,,60,25,35,60
326,grumpig,0.9,71.5,purple,upright,False,Psychic,,80,45,65,80
327,spinda,1.1,5.0,brown,upright,False,Normal,,60,60,60,60
328,trapinch,0.7,15.0,brown,armor,False,Ground,,45,100,45,10
329,vibrava,1.1,15.3,green,bug-wings,False,Ground,Dragon,50,70,50,70
330,flygon,2.0,82.0,green,wings,False,Ground,Dragon,80,100,80,100
331,cacnea,0.4,51.3,green,humanoid,False,Grass,,50,85,40,35
332,cacturne,1.3,77.4,green,humanoid,False,Grass,Dark,70,115,60,55
333,swablu,0.4,1.2,blue,wings,False,Normal,Flying,45,40,60,50
334,altaria,1.1,20.6,blue,wings,False,Dragon,Flying,75,70,90,80
335,zangoose,1.3,40.3,white,upright,False,Normal,,73,115,60,90
336,seviper,2.7,52.5,black,squiggle,False,Poison,,73,100,60,65
337,lunatone,1.0,168.0,yellow,ball,False,Rock,Psychic,90,55,65,70
338,solrock,1.2,154.0,red,ball,False,Rock,Psychic,90,95,85,70
339,barboach,0.4,1.9,gray,fish,False,Water,Ground,50,48,43,60
340,whiscash,0.9,23.6,blue,fish,False,Water,Ground,110,78,73,60
341,corphish,0.6,11.5,red,armor,False,Water,,43,80,65,35
342,crawdaunt,1.1,32.8,red,armor,False,Water,Dark,63,120,85,55
343,baltoy,0.5,21.5,brown,arms,False,Ground,Psychic,40,40,55,55
344,claydol,1.5,108.0,black,arms,False,Ground,Psychic,60,70,105,75
345,lileep,1.0,23.8,purple,blob,False,Rock,Grass,66,41,77,23
346,cradily,1.5,60.4,green,blob,False,Rock,Grass,86,81,97,43
347,anorith,0.7,12.5,gray,armor,False,Rock,Bug,45,95,50,75
348,armaldo,1.5,68.2,gray,upright,False,Rock,Bug,75,125,100,45
349,feebas,0.6,7.4,brown,fish,False,Water,,20,15,20,80
350,milotic,6.2,162.0,pink,squiggle,False,Water,,95,60,79,81
351,castform,0.3,0.8,gray,ball,False,Normal,,70,70,70,70
352,kecleon,1.0,22.0,green,upright,False,Normal,,60,90,70,40
353,shuppet,0.6,2.3,black,ball,False,Ghost,,44,75,35,45
354,banette,1.1,12.5,black,upright,False,Ghost,,64,115,65,65
355,duskull,0.8,15.0,black,arms,False,Ghost,,20,40,90,25
356,dusclops,1.6,30.6,black,humanoid,False,Ghost,,40,70,130,25
357,tropius,2.0,100.0,green,quadruped,False,Grass,Flying,99,68,83,51
358,chimecho,0.6,1.0,blue,arms,False,Psychic,,75,50,80,65
359,absol,1.2,47.0,white,quadruped,False,Dark,,65,130,60,75
360,wynaut,0.6,14.0,blue,upright,True,Psychic,,95,23,48,23
361,snorunt,0.7,16.8,gray,humanoid,False,Ice,,50,50,50,50
362,glalie,1.5,256.5,gray,ball,False,Ice,,80,80,80,80
363,spheal,0.8,39.5,blue,fish,False,Ice,Water,70,40,50,25
364,sealeo,1.1,87.6,blue,fish,False,Ice,Water,90,60,70,45
365,walrein,1.4,150.6,blue,quadruped,False,Ice,Water,110,80,90,65
366,clamperl,0.4,52.5,blue,ball,False,Water,,35,64,85,32
367,huntail,1.7,27.0,blue,squiggle,False,Water,,55,104,105,52
368,gorebyss,1.8,22.6,pink,squiggle,False,Water,,55,84,105,52
369,relicanth,1.0,23.4,gray,fish,False,Water,Rock,100,90,130,55
370,luvdisc,0.6,8.7,pink,fish,False,Water,,43,30,55,97
371,bagon,0.6,42.1,blue,humanoid,False,Dragon,,45,75,60,50
372,shelgon,1.1,110.5,white,quadruped,False,Dragon,,65,95,100,50
373,salamence,1.5,102.6,blue,quadruped,False,Dragon,Flying,95,135,80,100
374,beldum,0.6,95.2,blue,blob,False,Steel,Psychic,40,55,80,30
375,metang,1.2,202.5,blue,arms,False,Steel,Psychic,60,75,100,50
376,metagross,1.6,550.0,blue,heads,False,Steel,Psychic,80,135,130,70
377,regirock,1.7,230.0,brown,humanoid,False,Rock,,80,100,200,50
378,regice,1.8,175.0,blue,humanoid,False,Ice,,80,50,100,50
379,registeel,1.9,205.0,gray,humanoid,False,Steel,,80,75,150,50
380,latias,1.4,40.0,red,wings,False,Dragon,Psychic,80,80,90,110
381,latios,2.0,60.0,blue,wings,False,Dragon,Psychic,80,90,80,110
382,kyogre,4.5,352.0,blue,fish,False,Water,,100,100,90,90
383,groudon,3.5,950.0,red,upright,False,Ground,,100,150,140,90
384,rayquaza,7.0,206.5,green,squiggle,False,Dragon,Flying,105,150,90,95
385,jirachi,0.3,1.1,yellow,humanoid,False,Steel,Psychic,100,100,100,100
386,deoxys,1.7,60.8,red,humanoid,False,Psychic,,50,150,50,150
387,turtwig,0.4,10.2,green,quadruped,False,Grass,,55,68,64,31
388,grotle,1.1,97.0,green,quadruped,False,Grass,,75,89,85,36
389,torterra,2.2,310.0,green,quadruped,False,Grass,Ground,95,109,105,56
390,chimchar,0.5,6.2,brown,upright,False,Fire,,44,58,44,61
391,monferno,0.9,22.0,brown,upright,False,Fire,Fighting,64,78,52,81
392,infernape,1.2,55.0,brown,upright,False,Fire,Fighting,76,104,71,108
393,piplup,0.4,5.2,blue,humanoid,False,Water,,53,51,53,40
394,prinplup,0.8,23.0,blue,upright,False,Water,,64,66,68,50
395,empoleon,1.7,84.5,blue,upright,False,Water,Steel,84,86,88,60
396,starly,0.3,2.0,brown,wings,False,Normal,Flying,40,55,30,60
397,staravia,0.6,15.5,brown,wings,False,Normal,Flying,55,75,50,80
398,staraptor,1.2,24.9,brown,wings,False,Normal,Flying,85,120,70,100
399,bidoof,0.5,20.0,brown,quadruped,False,Normal,,59,45,40,31
400,bibarel,1.0,31.5,brown,upright,False,Normal,Water,79,85,60,71
401,kricketot,0.3,2.2,red,humanoid,False,Bug,,37,25,41,25
402,kricketune,1.0,25.5,red,bug-wings,False,Bug,,77,85,51,65
403,shinx,0.5,9.5,blue,quadruped,False,Electric,,45,65,34,45
404,luxio,0.9,30.5,blue,quadruped,False,Electric,,60,85,49,60
405,luxray,1.4,42.0,blue,quadruped,False,Electric,,80,120,79,70
406,budew,0.2,1.2,green,humanoid,True,Grass,Poison,40,30,35,55
407,roserade,0.9,14.5,green,humanoid,False,Grass,Poison,60,70,65,90
408,cranidos,0.9,31.5,blue,upright,False,Rock,,67,125,40,58
409,rampardos,1.6,102.5,blue,upright,False,Rock,,97,165,60,58
410,shieldon,0.5,57.0,gray,quadruped,False,Rock,Steel,30,42,118,30
411,bastiodon,1.3,149.5,gray,quadruped,False,Rock,Steel,60,52,168,30
412,burmy,0.2,3.4,green,blob,False,Bug,,40,29,45,36
413,wormadam,0.5,6.5,green,blob,False,Bug,Grass,60,59,85,36
414,mothim,0.9,23.3,yellow,bug-wings,False,Bug,Flying,70,94,50,66
415,combee,0.3,5.5,yellow,heads,False,Bug,Flying,30,30,42,70
416,vespiquen,1.2,38.5,yellow,bug-wings,False,Bug,Flying,70,80,102,40
417,pachirisu,0.4,3.9,white,quadruped,False,Electric,,60,45,70,95
418,buizel,0.7,29.5,brown,quadruped,False,Water,,55,65,35,85
419,floatzel,1.1,33.5,brown,quadruped,False,Water,,85,105,55,115
420,cherubi,0.4,3.3,pink,heads,False,Grass,,45,35,45,35
421,cherrim,0.5,9.3,purple,legs,False,Grass,,70,60,70,85
422,shellos,0.3,6.3,purple,squiggle,False,Water,,76,48,48,34
423,gastrodon,0.9,29.9,purple,squiggle,False,Water,Ground,111,83,68,39
424,ambipom,1.2,20.3,purple,upright,False,Normal,,75,100,66,115
425,drifloon,0.4,1.2,purple,arms,False,Ghost,Flying,90,50,34,70
426,drifblim,1.2,15.0,purple,arms,False,Ghost,Flying,150,80,44,80
427,buneary,0.4,5.5,brown,upright,False,Normal,,55,66,44,85
428,lopunny,1.2,33.3,brown,upright,False,Normal,,65,76,84,105
429,mismagius,0.9,4.4,purple,ball,False,Ghost,,60,60,60,105
430,honchkrow,0.9,27.3,black,wings,False,Dark,Flying,100,125,52,71
431,glameow,0.5,3.9,gray,quadruped,False,Normal,,49,55,42,85
432,purugly,1.0,43.8,gray,quadruped,False,Normal,,71,82,64,112
433,chingling,0.2,0.6,yellow,humanoid,True,Psychic,,45,30,50,45
434,stunky,0.4,19.2,purple,quadruped,False,Poison,Dark,63,63,47,74
435,skuntank,1.0,38.0,purple,quadruped,False,Poison,Dark,103,93,67,84
436,bronzor,0.5,60.5,green,ball,False,Steel,Psychic,57,24,86,23
437,bronzong,1.3,187.0,green,arms,False,Steel,Psychic,67,89,116,33
438,bonsly,0.5,15.0,brown,legs,True,Rock,,50,80,95,10
439,mime-jr,0.6,13.0,pink,humanoid,True,Psychic,Fairy,20,25,45,60
440,happiny,0.6,24.4,pink,humanoid,True,Normal,,100,5,5,30
441,chatot,0.5,1.9,black,wings,False,Normal,Flying,76,65,45,91
442,spiritomb,1.0,108.0,purple,blob,False,Ghost,Dark,50,92,108,35
443,gible,0.7,20.5,blue,upright,False,Dragon,Ground,58,70,45,42
444,gabite,1.4,56.0,blue,upright,False,Dragon,Ground,68,90,65,82
445,garchomp,1.9,95.0,blue,upright,False,Dragon,Ground,108,130,95,102
446,munchlax,0.6,105.0,black,humanoid,True,Normal,,135,85,40,5
447,riolu,0.7,20.2,blue,upright,True,Fighting,,40,70,40,60
448,lucario,1.2,54.0,blue,upright,False,Fighting,Steel,70,110,70,90
449,hippopotas,0.8,49.5,brown,quadruped,False,Ground,,68,72,78,32
450,hippowdon,2.0,300.0,brown,quadruped,False,Ground,,108,112,118,47
451,skorupi,0.8,12.0,purple,armor,False,Poison,Bug,40,50,90,65
452,drapion,1.3,61.5,purple,armor,False,Poison,Dark,70,90,110,95
453,croagunk,0.7,23.0,blue,humanoid,False,Poison,Fighting,48,61,40,50
454,toxicroak,1.3,44.4,blue,humanoid,False,Poison,Fighting,83,106,65,85
455,carnivine,1.4,27.0,green,tentacles,False,Grass,,74,100,72,46
456,finneon,0.4,7.0,blue,fish,False,Water,,49,49,56,66
457,lumineon,1.2,24.0,blue,fish,False,Water,,69,69,76,91
458,mantyke,1.0,65.0,blue,wings,True,Water,Flying,45,20,50,50
459,snover,1.0,50.5,white,upright,False,Grass,Ice,60,62,50,40
460,abomasnow,2.2,135.5,white,upright,False,Grass,Ice,90,92,75,60
461,weavile,1.1,34.0,black,upright,False,Dark,Ice,70,120,65,125
462,magnezone,1.2,180.0,gray,arms,False,Electric,Steel,70,70,115,60
463,lickilicky,1.7,140.0,pink,humanoid,False,Normal,,110,85,95,50
464,rhyperior,2.4,282.8,gray,upright,False,Ground,Rock,115,140,130,40
465,tangrowth,2.0,128.6,blue,humanoid,False,Grass,,100,100,125,50
466,electivire,1.8,138.6,yellow,upright,False,Electric,,75,123,67,95
467,magmortar,1.6,68.0,red,upright,False,Fire,,75,95,67,83
468,togekiss,1.5,38.0,white,wings,False,Fairy,Flying,85,50,95,80
469,yanmega,1.9,51.5,green,bug-wings,False,Bug,Flying,86,76,86,95
470,leafeon,1.0,25.5,green,quadruped,False,Grass,,65,110,130,95
471,glaceon,0.8,25.9,blue,quadruped,False,Ice,,65,60,110,65
472,gliscor,2.0,42.5,purple,wings,False,Ground,Flying,75,95,125,95
473,mamoswine,2.5,291.0,brown,quadruped,False,Ice,Ground,110,130,80,80
474,porygon-z,0.9,34.0,red,arms,False,Normal,,85,80,70,90
475,gallade,1.6,52.0,white,humanoid,False,Psychic,Fighting,68,125,65,80
476,probopass,1.4,340.0,gray,heads,False,Rock,Steel,60,55,145,40
477,dusknoir,2.2,106.6,black,arms,False,Ghost,,45,100,135,45
478,froslass,1.3,26.6,white,arms,False,Ice,Ghost,70,80,70,110
479,rotom,0.3,0.3,red,ball,False,Electric,Ghost,50,50,77,91
480,uxie,0.3,0.3,yellow,upright,False,Psychic,,75,75,130,95
481,mesprit,0.3,0.3,pink,upright,False,Psychic,,80,105,105,80
482,azelf,0.3,0.3,blue,upright,False,Psychic,,75,125,70,115
483,dialga,5.4,683.0,white,quadruped,False,Steel,Dragon,100,120,120,90
484,palkia,4.2,336.0,purple,upright,False,Water,Dragon,90,120,100,100
485,heatran,1.7,430.0,brown,quadruped,False,Fire,Steel,91,90,106,77
486,regigigas,3.7,420.0,white,humanoid,False,Normal,,110,160,110,100
487,giratina,4.5,750.0,black,tentacles,False,Ghost,Dragon,150,100,120,90
488,cresselia,1.5,85.6,yellow,squiggle,False,Psychic,,120,70,120,85
489,phione,0.4,3.1,blue,arms,False,Water,,80,80,80,80
490,manaphy,0.3,1.4,blue,humanoid,False,Water,,100,100,100,100
491,darkrai,1.5,50.5,black,humanoid,False,Dark,,70,90,90,125
492,shaymin,0.2,2.1,green,quadruped,False,Grass,,100,100,100,100
493,arceus,3.2,320.0,white,quadruped,False,Normal,,120,120,120,120
494,victini,0.4,4.0,yellow,humanoid,False,Psychic,Fire,100,100,100,100
495,snivy,0.6,8.1,green,upright,False,Grass,,45,45,55,63
496,servine,0.8,16.0,green,upright,False,Grass,,60,60,75,83
497,serperior,3.3,63.0,green,squiggle,False,Grass,,75,75,95,113
498,tepig,0.5,9.9,red,quadruped,False,Fire,,65,63,45,45
499,pignite,1.0,55.5,red,upright,False,Fire,Fighting,90,93,55,55
500,emboar,1.6,150.0,red,upright,False,Fire,Fighting,110,123,65,65
501,oshawott,0.5,5.9,blue,upright,False,Water,,55,55,45,45
502,dewott,0.8,24.5,blue,upright,False,Water,,75,75,60,60
503,samurott,1.5,94.6,blue,quadruped,False,Water,,95,100,85,70
504,patrat,0.5,11.6,brown,quadruped,False,Normal,,45,55,39,42
505,watchog,1.1,27.0,brown,upright,False,Normal,,60,85,69,77
506,lillipup,0.4,4.1,brown,quadruped,False,Normal,,45,60,45,55
507,herdier,0.9,14.7,gray,quadruped,False,Normal,,65,80,65,60
508,stoutland,1.2,61.0,gray,quadruped,False,Normal,,85,110,90,80
509,purrloin,0.4,10.1,purple,quadruped,False,Dark,,41,50,37,66
510,liepard,1.1,37.5,purple,quadruped,False,Dark,,64,88,50,106
511,pansage,0.6,10.5,green,upright,False,Grass,,50,53,48,64
512,simisage,1.1,30.5,green,upright,False,Grass,,75,98,63,101
513,pansear,0.6,11.0,red,upright,False,Fire,,50,53,48,64
514,simisear,1.0,28.0,red,upright,False,Fire,,75,98,63,101
515,panpour,0.6,13.5,blue,upright,False,Water,,50,53,48,64
516,simipour,1.0,29.0,blue,upright,False,Water,,75,98,63,101
517,munna,0.6,23.3,pink,quadruped,False,Psychic,,76,25,45,24
518,musharna,1.1,60.5,pink,humanoid,False,Psychic,,116,55,85,29
519,pidove,0.3,2.1,gray,wings,False,Normal,Flying,50,55,50,43
520,tranquill,0.6,15.0,gray,wings,False,Normal,Flying,62,77,62,65
521,unfezant,1.2,29.0,gray,wings,False,Normal,Flying,80,115,80,93
522,blitzle,0.8,29.8,black,quadruped,False,Electric,,45,60,32,76
523,zebstrika,1.6,79.5,black,quadruped,False,Electric,,75,100,63,116
524,roggenrola,0.4,18.0,blue,legs,False,Rock,,55,75,85,15
525,boldore,0.9,102.0,blue,tentacles,False,Rock,,70,105,105,20
526,gigalith,1.7,260.0,blue,tentacles,False,Rock,,85,135,130,25
527,woobat,0.4,2.1,blue,wings,False,Psychic,Flying,65,45,43,72
528,swoobat,0.9,10.5,blue,wings,False,Psychic,Flying,67,57,55,114
529,drilbur,0.3,8.5,gray,upright,False,Ground,,60,85,40,68
530,excadrill,0.7,40.4,gray,humanoid,False,Ground,Steel,110,135,60,88
531,audino,1.1,31.0,pink,upright,False,Normal,,103,60,86,50
532,timburr,0.6,12.5,gray,humanoid,False,Fighting,,75,80,55,35
533,gurdurr,1.2,40.0,gray,humanoid,False,Fighting,,85,105,85,40
534,conkeldurr,1.4,87.0,brown,humanoid,False,Fighting,,105,140,95,45
535,tympole,0.5,4.5,blue,fish,False,Water,,50,50,40,64
536,palpitoad,0.8,17.0,blue,upright,False,Water,Ground,75,65,55,69
537,seismitoad,1.5,62.0,blue,humanoid,False,Water,Ground,105,95,75,74
538,throh,1.3,55.5,red,humanoid,False,Fighting,,120,100,85,45
539,sawk,1.4,51.0,blue,humanoid,False,Fighting,,75,125,75,85
540,sewaddle,0.3,2.5,yellow,armor,False,Bug,Grass,45,53,70,42
541,swadloon,0.5,7.3,green,arms,False,Bug,Grass,55,63,90,42
542,leavanny,1.2,20.5,yellow,humanoid,False,Bug,Grass,75,103,80,92
543,venipede,0.4,5.3,red,armor,False,Bug,Poison,30,45,59,57
544,whirlipede,1.2,58.5,gray,ball,False,Bug,Poison,40,55,99,47
545,scolipede,2.5,200.5,red,armor,False,Bug,Poison,60,100,89,112
546,cottonee,0.3,0.6,green,ball,False,Grass,Fairy,40,27,60,66
547,whimsicott,0.7,6.6,green,humanoid,False,Grass,Fairy,60,67,85,116
548,petilil,0.5,6.6,green,blob,False,Grass,,45,35,50,30
549,lilligant,1.1,16.3,green,blob,False,Grass,,70,60,75,90
550,basculin,1.0,18.0,green,fish,False,Water,,70,92,65,98
551,sandile,0.7,15.2,brown,quadruped,False,Ground,Dark,50,72,35,65
552,krokorok,1.0,33.4,brown,quadruped,False,Ground,Dark,60,82,45,74
553,krookodile,1.5,96.3,red,upright,False,Ground,Dark,95,117,80,92
554,darumaka,0.6,37.5,red,humanoid,False,Fire,,70,90,45,50
555,darmanitan,1.3,92.9,red,quadruped,False,Fire,,105,140,55,95
556,maractus,1.0,28.0,green,blob,False,Grass,,75,86,67,60
557,dwebble,0.3,14.5,red,armor,False,Bug,Rock,50,65,85,55
558,crustle,1.4,200.0,red,armor,False,Bug,Rock,70,105,125,45
559,scraggy,0.6,11.8,yellow,upright,False,Dark,Fighting,50,75,70,48
560,scrafty,1.1,30.0,red,upright,False,Dark,Fighting,65,90,115,58
561,sigilyph,1.4,14.0,black,wings,False,Psychic,Flying,72,58,80,97
562,yamask,0.5,1.5,black,arms,False,Ghost,,38,30,85,30
563,cofagrigus,1.7,76.5,yellow,blob,False,Ghost,,58,50,145,30
564,tirtouga,0.7,16.5,blue,quadruped,False,Water,Rock,54,78,103,22
565,carracosta,1.2,81.0,blue,upright,False,Water,Rock,74,108,133,32
566,archen,0.5,9.5,yellow,wings,False,Rock,Flying,55,112,45,70
567,archeops,1.4,32.0,yellow,wings,False,Rock,Flying,75,140,65,110
568,trubbish,0.6,31.0,green,humanoid,False,Poison,,50,50,62,65
569,garbodor,1.9,107.3,green,humanoid,False,Poison,,80,95,82,75
570,zorua,0.7,12.5,gray,quadruped,False,Dark,,40,65,40,65
571,zoroark,1.6,81.1,gray,upright,False,Dark,,60,105,60,105
572,minccino,0.4,5.8,gray,quadruped,False,Normal,,55,50,40,75
573,cinccino,0.5,7.5,gray,quadruped,False,Normal,,75,95,60,115
574,gothita,0.4,5.8,purple,humanoid,False,Psychic,,45,30,50,45
575,gothorita,0.7,18.0,purple,humanoid,False,Psychic,,60,45,70,55
576,gothitelle,1.5,44.0,purple,humanoid,False,Psychic,,70,55,95,65
577,solosis,0.3,1.0,green,ball,False,Psychic,,45,30,40,20
578,duosion,0.6,8.0,green,ball,False,Psychic,,65,40,50,30
579,reuniclus,1.0,20.1,green,arms,False,Psychic,,110,65,75,30
580,ducklett,0.5,5.5,blue,wings,False,Water,Flying,62,44,50,55
581,swanna,1.3,24.2,white,wings,False,Water,Flying,75,87,63,98
582,vanillite,0.4,5.7,white,blob,False,Ice,,36,50,50,44
583,vanillish,1.1,41.0,white,blob,False,Ice,,51,65,65,59
584,vanilluxe,1.3,57.5,white,heads,False,Ice,,71,95,85,79
585,deerling,0.6,19.5,pink,quadruped,False,Normal,Grass,60,60,50,75
586,sawsbuck,1.9,92.5,brown,quadruped,False,Normal,Grass,80,100,70,95
587,emolga,0.4,5.0,white,quadruped,False,Electric,Flying,55,75,60,103
588,karrablast,0.5,5.9,blue,humanoid,False,Bug,,50,75,45,60
589,escavalier,1.0,33.0,gray,arms,False,Bug,Steel,70,135,105,20
590,foongus,0.2,1.0,white,arms,False,Grass,Poison,69,55,45,15
591,amoonguss,0.6,10.5,white,arms,False,Grass,Poison,114,85,70,30
592,frillish,1.2,33.0,white,tentacles,False,Water,Ghost,55,40,50,40
593,jellicent,2.2,135.0,white,tentacles,False,Water,Ghost,100,60,70,60
594,alomomola,1.2,31.6,pink,fish,False,Water,,165,75,80,65
595,joltik,0.1,0.6,yellow,armor,False,Bug,Electric,50,47,50,65
596,galvantula,0.8,14.3,yellow,armor,False,Bug,Electric,70,77,60,108
597,ferroseed,0.6,18.8,gray,ball,False,Grass,Steel,44,50,91,10
598,ferrothorn,1.0,110.0,gray,tentacles,False,Grass,Steel,74,94,131,20
599,klink,0.3,21.0,gray,heads,False,Steel,,40,55,70,30
600,klang,0.6,51.0,gray,heads,False,Steel,,60,80,95,50
601,klinklang,0.6,81.0,gray,heads,False,Steel,,60,100,115,90
602,tynamo,0.2,0.3,white,fish,False,Electric,,35,55,40,60
603,eelektrik,1.2,22.0,blue,fish,False,Electric,,65,85,70,40
604,eelektross,2.1,80.5,blue,fish,False,Electric,,85,115,80,50
605,elgyem,0.5,9.0,blue,upright,False,Psychic,,55,55,55,30
606,beheeyem,1.0,34.5,brown,humanoid,False,Psychic,,75,75,75,40
607,litwick,0.3,3.1,white,blob,False,Ghost,Fire,50,30,55,20
608,lampent,0.6,13.0,black,arms,False,Ghost,Fire,60,40,60,55
609,chandelure,1.0,34.3,black,arms,False,Ghost,Fire,60,55,90,80
610,axew,0.6,18.0,green,upright,False,Dragon,,46,87,60,57
611,fraxure,1.0,36.0,green,upright,False,Dragon,,66,117,70,67
612,haxorus,1.8,105.5,yellow,upright,False,Dragon,,76,147,90,97
613,cubchoo,0.5,8.5,white,upright,False,Ice,,55,70,40,40
614,beartic,2.6,260.0,white,quadruped,False,Ice,,95,130,80,50
615,cryogonal,1.1,148.0,blue,ball,False,Ice,,80,50,50,105
616,shelmet,0.4,7.7,red,ball,False,Bug,,50,40,85,25
617,accelgor,0.8,25.3,red,arms,False,Bug,,80,70,40,145
618,stunfisk,0.7,11.0,brown,fish,False,Ground,Electric,109,66,84,32
619,mienfoo,0.9,20.0,yellow,upright,False,Fighting,,45,85,50,65
620,mienshao,1.4,35.5,purple,upright,False,Fighting,,65,125,60,105
621,druddigon,1.6,139.0,red,upright,False,Dragon,,77,120,90,48
622,golett,1.0,92.0,green,humanoid,False,Ground,Ghost,59,74,50,35
623,golurk,2.8,330.0,green,humanoid,False,Ground,Ghost,89,124,80,55
624,pawniard,0.5,10.2,red,humanoid,False,Dark,Steel,45,85,70,60
625,bisharp,1.6,70.0,red,humanoid,False,Dark,Steel,65,125,100,70
626,bouffalant,1.6,94.6,brown,quadruped,False,Normal,,95,110,95,55
627,rufflet,0.5,10.5,white,wings,False,Normal,Flying,70,83,50,60
628,braviary,1.5,41.0,red,wings,False,Normal,Flying,100,123,75,80
629,vullaby,0.5,9.0,brown,wings,False,Dark,Flying,70,55,75,60
630,mandibuzz,1.2,39.5,brown,wings,False,Dark,Flying,110,65,105,80
631,heatmor,1.4,58.0,red,upright,False,Fire,,85,97,66,65
632,durant,0.3,33.0,gray,armor,False,Bug,Steel,58,109,112,109
633,deino,0.8,17.3,blue,quadruped,False,Dark,Dragon,52,65,50,38
634,zweilous,1.4,50.0,blue,quadruped,False,Dark,Dragon,72,85,70,58
635,hydreigon,1.8,160.0,blue,upright,False,Dark,Dragon,92,105,90,98
636,larvesta,1.1,28.8,white,armor,False,Bug,Fire,55,85,55,60
637,volcarona,1.6,46.0,white,bug-wings,False,Bug,Fire,85,60,65,100
638,cobalion,2.1,250.0,blue,quadruped,False,Steel,Fighting,91,90,129,108
639,terrakion,1.9,260.0,gray,quadruped,False,Rock,Fighting,91,129,90,108
640,virizion,2.0,200.0,green,quadruped,False,Grass,Fighting,91,90,72,108
641,tornadus,1.5,63.0,green,arms,False,Flying,,79,115,70,111
642,thundurus,1.5,61.0,blue,arms,False,Electric,Flying,79,115,70,111
643,reshiram,3.2,330.0,white,wings,False,Dragon,Fire,100,120,100,90
644,zekrom,2.9,345.0,black,upright,False,Dragon,Electric,100,150,120,90
645,landorus,1.5,68.0,brown,arms,False,Ground,Flying,89,125,90,101
646,kyurem,3.0,325.0,gray,upright,False,Dragon,Ice,125,130,90,95
647,keldeo,1.4,48.5,yellow,quadruped,False,Water,Fighting,91,72,90,108
648,meloetta,0.6,6.5,white,humanoid,False,Normal,Psychic,100,77,77,90
649,genesect,1.5,82.5,purple,humanoid,False,Bug,Steel,71,120,95,99
650,chespin,0.4,9.0,green,upright,False,Grass,,56,61,65,38
651,quilladin,0.7,29.0,green,upright,False,Grass,,61,78,95,57
652,chesnaught,1.6,90.0,green,upright,False,Grass,Fighting,88,107,122,64
653,fennekin,0.4,9.4,red,quadruped,False,Fire,,40,45,40,60
654,braixen,1.0,14.5,red,upright,False,Fire,,59,59,58,73
655,delphox,1.5,39.0,red,upright,False,Fire,Psychic,75,69,72,104
656,froakie,0.3,7.0,blue,quadruped,False,Water,,41,56,40,71
657,frogadier,0.6,10.9,blue,humanoid,False,Water,,54,63,52,97
658,greninja,1.5,40.0,blue,humanoid,False,Water,Dark,72,95,67,122
659,bunnelby,0.4,5.0,brown,upright,False,Normal,,38,36,38,57
660,diggersby,1.0,42.4,brown,upright,False,Normal,Ground,85,56,77,78
661,fletchling,0.3,1.7,red,wings,False,Normal,Flying,45,50,43,62
662,fletchinder,0.7,16.0,red,wings,False,Fire,Flying,62,73,55,84
663,talonflame,1.2,24.5,red,wings,False,Fire,Flying,78,81,71,126
664,scatterbug,0.3,2.5,black,armor,False,Bug,,38,35,40,35
665,spewpa,0.3,8.4,black,blob,False,Bug,,45,22,60,29
666,vivillon,1.2,17.0,white,bug-wings,False,Bug,Flying,80,52,50,89
667,litleo,0.6,13.5,brown,quadruped,False,Fire,Normal,62,50,58,72
668,pyroar,1.5,81.5,brown,quadruped,False,Fire,Normal,86,68,72,106
669,flabebe,0.1,0.1,white,arms,False,Fairy,,44,38,39,42
670,floette,0.2,0.9,white,arms,False,Fairy,,54,45,47,52
671,florges,1.1,10.0,white,arms,False,Fairy,,78,65,68,75
672,skiddo,0.9,31.0,brown,quadruped,False,Grass,,66,65,48,52
673,gogoat,1.7,91.0,brown,quadruped,False,Grass,,123,100,62,68
674,pancham,0.6,8.0,white,upright,False,Fighting,,67,82,62,43
675,pangoro,2.1,136.0,white,humanoid,False,Fighting,Dark,95,124,78,58
676,furfrou,1.2,28.0,white,quadruped,False,Normal,,75,80,60,102
677,espurr,0.3,3.5,gray,upright,False,Psychic,,62,48,54,68
678,meowstic,0.6,8.5,blue,upright,False,Psychic,,74,48,76,104
679,honedge,0.8,2.0,brown,blob,False,Steel,Ghost,45,80,100,28
680,doublade,0.8,4.5,brown,heads,False,Steel,Ghost,59,110,150,35
681,aegislash,1.7,53.0,brown,blob,False,Steel,Ghost,60,50,150,60
682,spritzee,0.2,0.5,pink,arms,False,Fairy,,78,52,60,23
683,aromatisse,0.8,15.5,pink,humanoid,False,Fairy,,101,72,72,29
684,swirlix,0.4,3.5,white,legs,False,Fairy,,62,48,66,49
685,slurpuff,0.8,5.0,white,humanoid,False,Fairy,,82,80,86,72
686,inkay,0.4,3.5,blue,tentacles,False,Dark,Psychic,53,54,53,45
687,malamar,1.5,47.0,blue,blob,False,Dark,Psychic,86,92,88,73
688,binacle,0.5,31.0,brown,heads,False,Rock,Water,42,52,67,50
689,barbaracle,1.3,96.0,brown,heads,False,Rock,Water,72,105,115,68
690,skrelp,0.5,7.3,brown,blob,False,Poison,Water,50,60,60,30
691,dragalge,1.8,81.5,brown,blob,False,Poison,Dragon,65,75,90,44
692,clauncher,0.5,8.3,blue,armor,False,Water,,50,53,62,44
693,clawitzer,1.3,35.3,blue,squiggle,False,Water,,71,73,88,59
694,helioptile,0.5,6.0,yellow,upright,False,Electric,Normal,44,38,33,70
695,heliolisk,1.0,21.0,yellow,upright,False,Electric,Normal,62,55,52,109
696,tyrunt,0.8,26.0,brown,upright,False,Rock,Dragon,58,89,77,48
697,tyrantrum,2.5,270.0,red,upright,False,Rock,Dragon,82,121,119,71
698,amaura,1.3,25.2,blue,quadruped,False,Rock,Ice,77,59,50,46
699,aurorus,2.7,225.0,blue,quadruped,False,Rock,Ice,123,77,72,58
700,sylveon,1.0,23.5,pink,quadruped,False,Fairy,,95,65,65,60
701,hawlucha,0.8,21.5,green,humanoid,False,Fighting,Flying,78,92,75,118
702,dedenne,0.2,2.2,yellow,upright,False,Electric,Fairy,67,58,57,101
703,carbink,0.3,5.7,gray,ball,False,Rock,Fairy,50,50,150,50
704,goomy,0.3,2.8,purple,squiggle,False,Dragon,,45,50,35,40
705,sliggoo,0.8,17.5,purple,squiggle,False,Dragon,,68,75,53,60
706,goodra,2.0,150.5,purple,upright,False,Dragon,,90,100,70,80
707,klefki,0.2,3.0,gray,ball,False,Steel,Fairy,57,80,91,75
708,phantump,0.4,7.0,brown,arms,False,Ghost,Grass,43,70,48,38
709,trevenant,1.5,71.0,brown,tentacles,False,Ghost,Grass,85,110,76,56
710,pumpkaboo,0.4,5.0,brown,ball,False,Ghost,Grass,49,66,70,51
711,gourgeist,0.9,12.5,brown,blob,False,Ghost,Grass,65,90,122,84
712,bergmite,1.0,99.5,blue,quadruped,False,Ice,,55,69,85,28
713,avalugg,2.0,505.0,blue,quadruped,False,Ice,,95,117,184,28
714,noibat,0.5,8.0,purple,wings,False,Flying,Dragon,40,30,35,55
715,noivern,1.5,85.0,purple,wings,False,Flying,Dragon,85,70,80,123
716,xerneas,3.0,215.0,blue,quadruped,False,Fairy,,126,131,95,99
717,yveltal,5.8,203.0,red,wings,False,Dark,Flying,126,131,95,99
718,zygarde,5.0,305.0,green,squiggle,False,Dragon,Ground,108,100,121,95
719,diancie,0.7,8.8,pink,arms,False,Rock,Fairy,50,100,150,50
720,hoopa,0.5,9.0,purple,arms,False,Psychic,Ghost,80,110,60,70
721,volcanion,1.7,195.0,brown,quadruped,False,Fire,Water,80,110,120,70
722,rowlet,0.3,1.5,brown,wings,False,Grass,Flying,68,55,55,42
723,dartrix,0.7,16.0,brown,wings,False,Grass,Flying,78,75,75,52
724,decidueye,1.6,36.6,brown,wings,False,Grass,Ghost,78,107,75,70
725,litten,0.4,4.3,red,quadruped,False,Fire,,45,65,40,70
726,torracat,0.7,25.0,red,quadruped,False,Fire,,65,85,50,90
727,incineroar,1.8,83.0,red,upright,False,Fire,Dark,95,115,90,60
728,popplio,0.4,7.5,blue,fish,False,Water,,50,54,54,40
729,brionne,0.6,17.5,blue,fish,False,Water,,60,69,69,50
730,primarina,1.8,44.0,blue,fish,False,Water,Fairy,80,74,74,60
731,pikipek,0.3,1.2,black,wings,False,Normal,Flying,35,75,30,65
732,trumbeak,0.6,14.8,black,wings,False,Normal,Flying,55,85,50,75
733,toucannon,1.1,26.0,black,wings,False,Normal,Flying,80,120,75,60
734,yungoos,0.4,6.0,brown,quadruped,False,Normal,,48,70,30,45
735,gumshoos,0.7,14.2,brown,quadruped,False,Normal,,88,110,60,45
736,grubbin,0.4,4.4,gray,armor,False,Bug,,47,62,45,46
737,charjabug,0.5,10.5,green,squiggle,False,Bug,Electric,57,82,95,36
738,vikavolt,1.5,45.0,blue,armor,False,Bug,Electric,77,70,90,43
739,crabrawler,0.6,7.0,purple,armor,False,Fighting,,47,82,57,63
740,crabominable,1.7,180.0,white,armor,False,Fighting,Ice,97,132,77,43
741,oricorio,0.6,3.4,red,wings,False,Fire,Flying,75,70,70,93
742,cutiefly,0.1,0.2,yellow,armor,False,Bug,Fairy,40,45,40,84
743,ribombee,0.2,0.5,yellow,bug-wings,False,Bug,Fairy,60,55,60,124
744,rockruff,0.5,9.2,brown,quadruped,False,Rock,,45,65,40,60
745,lycanroc,0.8,25.0,brown,quadruped,False,Rock,,75,115,65,112
746,wishiwashi,0.2,0.3,blue,fish,False,Water,,45,20,20,40
747,mareanie,0.4,8.0,blue,blob,False,Poison,Water,50,53,62,45
748,toxapex,0.7,14.5,blue,tentacles,False,Poison,Water,50,63,152,35
749,mudbray,1.0,110.0,brown,quadruped,False,Ground,,70,100,70,45
750,mudsdale,2.5,920.0,brown,quadruped,False,Ground,,100,125,100,35
751,dewpider,0.3,4.0,green,legs,False,Water,Bug,38,40,52,27
752,araquanid,1.8,82.0,green,armor,False,Water,Bug,68,70,92,42
753,fomantis,0.3,1.5,pink,upright,False,Grass,,40,55,35,35
754,lurantis,0.9,18.5,pink,humanoid,False,Grass,,70,105,90,45
755,morelull,0.2,1.5,purple,blob,False,Grass,Fairy,40,35,55,15
756,shiinotic,1.0,11.5,purple,humanoid,False,Grass,Fairy,60,45,80,30
757,salandit,0.6,4.8,black,quadruped,False,Poison,Fire,48,44,40,77
758,salazzle,1.2,22.2,black,quadruped,False,Poison,Fire,68,64,60,117
759,stufful,0.5,6.8,pink,quadruped,False,Normal,Fighting,70,75,50,50
760,bewear,2.1,135.0,pink,upright,False,Normal,Fighting,120,125,80,60
761,bounsweet,0.3,3.2,purple,legs,False,Grass,,42,30,38,32
762,steenee,0.7,8.2,purple,humanoid,False,Grass,,52,40,48,62
763,tsareena,1.2,21.4,purple,humanoid,False,Grass,,72,120,98,72
764,comfey,0.1,0.3,green,ball,False,Fairy,,51,52,90,100
765,oranguru,1.5,76.0,white,humanoid,False,Normal,Psychic,90,60,80,60
766,passimian,2.0,82.8,white,upright,False,Fighting,,100,120,90,80
767,wimpod,0.5,12.0,gray,tentacles,False,Bug,Water,25,35,40,80
768,golisopod,2.0,108.0,gray,humanoid,False,Bug,Water,75,125,140,40
769,sandygast,0.5,70.0,brown,squiggle,False,Ghost,Ground,55,55,80,15
770,palossand,1.3,250.0,brown,squiggle,False,Ghost,Ground,85,75,110,35
771,pyukumuku,0.3,1.2,black,squiggle,False,Water,,55,60,130,5
772,type-null,1.9,120.5,gray,quadruped,False,Normal,,95,95,95,59
773,silvally,2.3,100.5,gray,quadruped,False,Normal,,95,95,95,95
774,minior,0.3,40.0,brown,ball,False,Rock,Flying,60,60,100,60
775,komala,0.4,19.9,blue,humanoid,False,Normal,,65,115,65,65
776,turtonator,2.0,212.0,red,upright,False,Fire,Dragon,60,78,135,36
777,togedemaru,0.3,3.3,gray,upright,False,Electric,Steel,65,98,63,96
778,mimikyu,0.2,0.7,yellow,squiggle,False,Ghost,Fairy,55,90,80,96
779,bruxish,0.9,19.0,pink,fish,False,Water,Psychic,68,105,70,92
780,drampa,3.0,185.0,white,squiggle,False,Normal,Dragon,78,60,85,36
781,dhelmise,3.9,210.0,green,blob,False,Ghost,Grass,70,131,100,40
782,jangmo-o,0.6,29.7,gray,quadruped,False,Dragon,,45,55,65,45
783,hakamo-o,1.2,47.0,gray,upright,False,Dragon,Fighting,55,75,90,65
784,kommo-o,1.6,78.2,gray,upright,False,Dragon,Fighting,75,110,125,85
785,tapu-koko,1.8,20.5,yellow,arms,False,Electric,Fairy,70,115,85,130
786,tapu-lele,1.2,18.6,pink,arms,False,Psychic,Fairy,70,85,75,95
787,tapu-bulu,1.9,45.5,red,arms,False,Grass,Fairy,70,130,115,75
788,tapu-fini,1.3,21.2,purple,arms,False,Water,Fairy,70,75,115,85
789,cosmog,0.2,0.1,blue,ball,False,Psychic,,43,29,31,37
790,cosmoem,0.1,999.9,blue,ball,False,Psychic,,43,29,131,37
791,solgaleo,3.4,230.0,white,quadruped,False,Psychic,Steel,137,137,107,97
792,lunala,4.0,120.0,purple,wings,False,Psychic,Ghost,137,113,89,97
793,nihilego,1.2,55.5,white,tentacles,False,Rock,Poison,109,53,47,103
794,buzzwole,2.4,333.6,red,tentacles,False,Bug,Fighting,107,139,139,79
795,pheromosa,1.8,25.0,white,humanoid,False,Bug,Fighting,71,137,37,151
796,xurkitree,3.8,100.0,black,upright,False,Electric,,83,89,71,83
797,celesteela,9.2,999.9,green,humanoid,False,Steel,Flying,97,101,103,61
798,kartana,0.3,0.1,white,humanoid,False,Grass,Steel,59,181,131,109
799,guzzlord,5.5,888.0,black,upright,False,Dark,Dragon,223,101,53,43
800,necrozma,2.4,230.0,black,arms,False,Psychic,,97,107,101,79
801,magearna,1.0,80.5,gray,humanoid,False,Steel,Fairy,80,95,115,65
802,marshadow,0.7,22.2,gray,humanoid,False,Fighting,Ghost,90,125,80,125
803,poipole,0.6,1.8,purple,upright,False,Poison,,67,73,67,73
804,naganadel,3.6,150.0,purple,wings,False,Poison,Dragon,73,73,73,121
805,stakataka,5.5,820.0,gray,quadruped,False,Rock,Steel,61,131,211,13
806,blacephalon,1.8,13.0,white,humanoid,False,Fire,Ghost,53,127,53,107
807,zeraora,1.5,44.5,yellow,humanoid,False,Electric,,88,112,75,143
